/*
 Navicat Premium Data Transfer

 Source Server         : mysql-localhost
 Source Server Type    : MySQL
 Source Server Version : 80023
 Source Host           : localhost:3306
 Source Schema         : lightning

 Target Server Type    : MySQL
 Target Server Version : 80023
 File Encoding         : 65001

 Date: 19/04/2021 12:58:10
*/

SET NAMES utf8mb4;
SET FOREIGN_KEY_CHECKS = 0;

-- ----------------------------
-- Table structure for body_change_log
-- ----------------------------
DROP TABLE IF EXISTS `body_change_log`;
CREATE TABLE `body_change_log`  (
  `id_body_log` bigint(0) NOT NULL COMMENT '身体变化日志id',
  `id_body` bigint(0) NOT NULL COMMENT '身体id',
  `id_user` bigint(0) NOT NULL COMMENT '所属用户id',
  `name` varchar(20) CHARACTER SET utf8mb4 COLLATE utf8mb4_general_ci NULL DEFAULT NULL COMMENT '人员姓名，爱填不填',
  `relationship` varchar(2) CHARACTER SET utf8mb4 COLLATE utf8mb4_general_ci NOT NULL COMMENT '与本人关系 01 本人 02 子女 03 父母 04 配偶 05 好盆友',
  `height` varchar(3) CHARACTER SET utf8mb4 COLLATE utf8mb4_general_ci NULL DEFAULT NULL COMMENT '身高 单位 cm，还能有人超过10米吗',
  `weight` decimal(5, 2) NOT NULL COMMENT '实时体重，单位kg 精确到小数点后两位',
  `water_content` decimal(3, 1) NULL DEFAULT NULL COMMENT '水份含量,精确到小数点后一位',
  `body_fat` decimal(3, 1) NULL DEFAULT NULL COMMENT '体脂 单位 精确到小数点后一位',
  `muscle` decimal(4, 1) NULL DEFAULT NULL COMMENT '肌肉 单位 kg',
  `protein` decimal(3, 1) NULL DEFAULT NULL COMMENT '蛋白质含量',
  `bmi` decimal(3, 1) NULL DEFAULT NULL COMMENT 'BMI指标 ',
  `date_record` date NOT NULL COMMENT '记录日期',
  `date_create` datetime(0) NOT NULL DEFAULT CURRENT_TIMESTAMP(0) COMMENT '创建时间',
  PRIMARY KEY (`id_body_log`) USING BTREE
) ENGINE = InnoDB CHARACTER SET = utf8mb4 COLLATE = utf8mb4_general_ci ROW_FORMAT = Dynamic;

-- ----------------------------
-- Records of body_change_log
-- ----------------------------
INSERT INTO `body_change_log` VALUES (1356282615115681792, 1356249915960987648, 166132226201747456, '小青龙', '01', '180', 82.50, 51.7, 24.5, 59.1, 19.8, 25.4, '2021-01-26', '2021-02-02 00:45:48');
INSERT INTO `body_change_log` VALUES (1356284152403595264, 1356249915960987648, 166132226201747456, '小青龙', '01', '180', 78.50, 53.2, 22.3, 57.8, 20.4, 24.2, '2021-01-31', '2021-02-02 00:51:55');
INSERT INTO `body_change_log` VALUES (1356284544097062912, 1356249915960987648, 166132226201747456, '小青龙', '01', '180', 79.40, 52.9, 22.7, 58.2, 20.3, 24.5, '2021-02-01', '2021-02-02 00:53:28');
INSERT INTO `body_change_log` VALUES (1356604621623267328, 1356249915960987648, 166132226201747456, '小青龙', '01', '180', 78.90, 53.2, 22.3, 58.1, 20.4, 24.3, '2021-02-02', '2021-02-02 22:05:20');
INSERT INTO `body_change_log` VALUES (1356985675571924992, 1356249915960987648, 166132226201747456, '小青龙', '01', '180', 78.75, 53.3, 22.2, 58.0, 20.4, 24.3, '2021-02-03', '2021-02-03 23:19:31');
INSERT INTO `body_change_log` VALUES (1357327845260660736, 1356249915960987648, 166132226201747456, '小青龙', '01', '180', 78.00, 53.5, 21.9, 57.8, 20.5, 24.0, '2021-02-04', '2021-02-04 21:59:10');
INSERT INTO `body_change_log` VALUES (1358082719749378048, 1356249915960987648, 166132226201747456, '小青龙', '01', '180', 77.75, 53.5, 21.9, 57.5, 20.5, 23.9, '2021-02-05', '2021-02-06 23:58:47');
INSERT INTO `body_change_log` VALUES (1358083064290480128, 1356249915960987648, 166132226201747456, '小青龙', '01', '180', 77.80, 53.6, 21.7, 57.7, 20.5, 24.0, '2021-02-06', '2021-02-07 00:00:09');
INSERT INTO `body_change_log` VALUES (1362051851259875328, 1356249915960987648, 166132226201747456, '小青龙', '01', '180', 77.05, 53.9, 21.3, 57.5, 20.6, 23.7, '2021-02-07', '2021-02-17 22:50:41');
INSERT INTO `body_change_log` VALUES (1362052202029518848, 1356249915960987648, 166132226201747456, '小青龙', '01', '180', 77.50, 53.7, 21.5, 57.6, 20.6, 23.9, '2021-02-08', '2021-02-17 22:52:05');
INSERT INTO `body_change_log` VALUES (1362052444770668544, 1356249915960987648, 166132226201747456, '小青龙', '01', '180', 77.30, 53.7, 21.6, 57.4, 20.6, 23.8, '2021-02-09', '2021-02-17 22:53:03');
INSERT INTO `body_change_log` VALUES (1362052671619600384, 1356249915960987648, 166132226201747456, '小青龙', '01', '180', 77.20, 53.9, 21.3, 57.6, 20.6, 23.8, '2021-02-10', '2021-02-17 22:53:57');
INSERT INTO `body_change_log` VALUES (1362052956010188800, 1356249915960987648, 166132226201747456, '小青龙', '01', '180', 76.85, 53.9, 21.2, 57.4, 20.7, 23.7, '2021-02-12', '2021-02-17 22:55:05');
INSERT INTO `body_change_log` VALUES (1362053254132928512, 1356249915960987648, 166132226201747456, '小青龙', '01', '180', 76.00, 54.2, 20.9, 57.0, 20.8, 23.4, '2021-02-13', '2021-02-17 22:56:16');
INSERT INTO `body_change_log` VALUES (1362053556244451328, 1356249915960987648, 166132226201747456, '小青龙', '01', '180', 76.25, 54.1, 20.9, 57.1, 20.7, 23.5, '2021-02-16', '2021-02-17 22:57:28');
INSERT INTO `body_change_log` VALUES (1362053777133277184, 1356249915960987648, 166132226201747456, '小青龙', '01', '180', 75.60, 54.3, 20.7, 56.8, 20.8, 23.3, '2021-02-17', '2021-02-17 22:58:20');
INSERT INTO `body_change_log` VALUES (1362420820022005760, 1356249915960987648, 166132226201747456, '小青龙', '01', '180', 74.70, 54.7, 20.1, 56.5, 20.9, 23.0, '2021-02-18', '2021-02-18 23:16:50');

-- ----------------------------
-- Table structure for body_manage
-- ----------------------------
DROP TABLE IF EXISTS `body_manage`;
CREATE TABLE `body_manage`  (
  `id_body` bigint(0) NOT NULL COMMENT '身体id',
  `name` varchar(20) CHARACTER SET utf8mb4 COLLATE utf8mb4_general_ci NOT NULL COMMENT '用户名称，爱填不填',
  `id_user` bigint(0) NOT NULL COMMENT '所属用户id',
  `relationship` varchar(2) CHARACTER SET utf8mb4 COLLATE utf8mb4_general_ci NOT NULL COMMENT '与本人关系 01 本人 02 子女 03 父母 04 配偶 05 好盆友',
  `height` varchar(3) CHARACTER SET utf8mb4 COLLATE utf8mb4_general_ci NOT NULL COMMENT '身高 单位 cm',
  `birthd_date` date NULL DEFAULT NULL COMMENT '出生日期 精确到天',
  `expected_weight` decimal(5, 2) NULL DEFAULT NULL COMMENT '期望体重，单位kg 精确到小数点后两位',
  `date_create` datetime(0) NOT NULL DEFAULT CURRENT_TIMESTAMP(0) ON UPDATE CURRENT_TIMESTAMP(0) COMMENT '创建时间',
  PRIMARY KEY (`id_body`) USING BTREE
) ENGINE = InnoDB CHARACTER SET = utf8mb4 COLLATE = utf8mb4_general_ci ROW_FORMAT = Dynamic;

-- ----------------------------
-- Records of body_manage
-- ----------------------------
INSERT INTO `body_manage` VALUES (1356249915960987648, '小青龙', 166132226201747456, '01', '180', '1992-10-25', 70.00, '2021-02-01 22:26:17');

-- ----------------------------
-- Table structure for food_day_log
-- ----------------------------
DROP TABLE IF EXISTS `food_day_log`;
CREATE TABLE `food_day_log`  (
  `id_food_log` bigint(0) NOT NULL COMMENT '每日饮食日志',
  `id_user` bigint(0) NOT NULL COMMENT '所属用户id',
  `id_body` bigint(0) NOT NULL COMMENT '人体id',
  `body_name` varchar(20) CHARACTER SET utf8mb4 COLLATE utf8mb4_general_ci NOT NULL COMMENT '人员姓名',
  `food_name` varchar(20) CHARACTER SET utf8mb4 COLLATE utf8mb4_general_ci NOT NULL COMMENT '食物名称',
  `id_food` bigint(0) NOT NULL COMMENT '食物id',
  `weight` decimal(5, 1) NOT NULL COMMENT '食用重量 单位 克',
  `calorie` decimal(5, 1) NOT NULL COMMENT '总热量 卡路里',
  `grub_time` date NOT NULL COMMENT '进食日期',
  `date_create` datetime(0) NOT NULL DEFAULT CURRENT_TIMESTAMP(0) ON UPDATE CURRENT_TIMESTAMP(0) COMMENT '创建时间',
  PRIMARY KEY (`id_food_log`) USING BTREE
) ENGINE = InnoDB CHARACTER SET = utf8mb4 COLLATE = utf8mb4_general_ci ROW_FORMAT = Dynamic;

-- ----------------------------
-- Records of food_day_log
-- ----------------------------
INSERT INTO `food_day_log` VALUES (1358089295914733568, 166132226201747456, 1356249915960987648, '小青龙', '牛肉', 1356622694644322304, 80.0, 224.0, '2021-02-04', '2021-02-07 00:24:54');

-- ----------------------------
-- Table structure for food_manage
-- ----------------------------
DROP TABLE IF EXISTS `food_manage`;
CREATE TABLE `food_manage`  (
  `id_food` bigint(0) NOT NULL COMMENT '食物id',
  `name` varchar(20) CHARACTER SET utf8mb4 COLLATE utf8mb4_general_ci NOT NULL COMMENT '食物名称',
  `calorie` decimal(4, 1) NOT NULL COMMENT '卡路里 单位每克多少卡路里',
  `date_create` datetime(0) NOT NULL DEFAULT CURRENT_TIMESTAMP(0) COMMENT '创建时间',
  PRIMARY KEY (`id_food`) USING BTREE
) ENGINE = InnoDB CHARACTER SET = utf8mb4 COLLATE = utf8mb4_general_ci ROW_FORMAT = Dynamic;

-- ----------------------------
-- Records of food_manage
-- ----------------------------
INSERT INTO `food_manage` VALUES (1356622694644322304, '牛肉', 2.8, '2021-02-02 23:17:09');

-- ----------------------------
-- Table structure for sport_day_log
-- ----------------------------
DROP TABLE IF EXISTS `sport_day_log`;
CREATE TABLE `sport_day_log`  (
  `id_sport` bigint(0) NOT NULL COMMENT '运动id',
  `id_user` bigint(0) NOT NULL COMMENT '所属用户id',
  `id_body` bigint(0) NOT NULL COMMENT '人体id',
  `body_name` varchar(20) CHARACTER SET utf8mb4 COLLATE utf8mb4_general_ci NOT NULL COMMENT '人员名称',
  `name` varchar(20) CHARACTER SET utf8mb4 COLLATE utf8mb4_general_ci NOT NULL COMMENT '运动名称',
  `duration` varchar(5) CHARACTER SET utf8mb4 COLLATE utf8mb4_general_ci NOT NULL COMMENT '持续时间，单位 分钟',
  `calorie` decimal(5, 1) NOT NULL COMMENT '预计消耗能量 卡路里',
  `date_sport` date NOT NULL COMMENT '运动日期',
  `date_create` datetime(0) NOT NULL DEFAULT CURRENT_TIMESTAMP(0) COMMENT '创建时间',
  PRIMARY KEY (`id_sport`) USING BTREE
) ENGINE = InnoDB CHARACTER SET = utf8mb4 COLLATE = utf8mb4_general_ci ROW_FORMAT = Dynamic;

-- ----------------------------
-- Records of sport_day_log
-- ----------------------------

-- ----------------------------
-- Table structure for sys_menu
-- ----------------------------
DROP TABLE IF EXISTS `sys_menu`;
CREATE TABLE `sys_menu`  (
  `id` bigint(0) NOT NULL,
  `parent_id` bigint(0) NULL DEFAULT NULL,
  `name` varchar(255) CHARACTER SET utf8mb4 COLLATE utf8mb4_bin NULL DEFAULT NULL,
  `icon` varchar(255) CHARACTER SET utf8mb4 COLLATE utf8mb4_bin NULL DEFAULT NULL,
  `url` varchar(255) CHARACTER SET utf8mb4 COLLATE utf8mb4_bin NULL DEFAULT NULL COMMENT 'url',
  `level` tinyint(0) NULL DEFAULT NULL COMMENT '菜单等级0模块1菜单2子菜单3按钮',
  `permission` varchar(255) CHARACTER SET utf8mb4 COLLATE utf8mb4_bin NULL DEFAULT NULL COMMENT '权限名称',
  `status` tinyint(0) NULL DEFAULT NULL COMMENT '0禁用1正常',
  `sort` int(0) NULL DEFAULT NULL COMMENT '排序每一个菜单下都是从0开始',
  `edit_time` datetime(0) NULL DEFAULT NULL,
  `create_time` datetime(0) NULL DEFAULT NULL,
  `creator` varchar(255) CHARACTER SET utf8 COLLATE utf8_general_ci NULL DEFAULT NULL COMMENT '创建人',
  `editor` varchar(255) CHARACTER SET utf8 COLLATE utf8_general_ci NULL DEFAULT NULL COMMENT '修改人',
  `version` int(0) NULL DEFAULT NULL COMMENT '版本',
  PRIMARY KEY (`id`) USING BTREE
) ENGINE = InnoDB CHARACTER SET = utf8mb4 COLLATE = utf8mb4_bin ROW_FORMAT = Dynamic;

-- ----------------------------
-- Records of sys_menu
-- ----------------------------
INSERT INTO `sys_menu` VALUES (165390286267088896, 0, '根目录', NULL, NULL, -1, NULL, 1, 1, '2019-04-02 09:21:57', '2019-04-02 09:21:57', NULL, NULL, NULL);
INSERT INTO `sys_menu` VALUES (165436136594866176, 165390286267088896, '系统管理', 'layui-icon layui-icon-set', NULL, 1, NULL, 1, 1, '2019-04-02 12:24:09', '2019-04-02 12:24:09', NULL, NULL, NULL);
INSERT INTO `sys_menu` VALUES (166134229267120128, 165436136594866176, '角色管理', NULL, 'views/sys/sys_role.html', 2, 'sysRole:list', 1, 2, '2019-04-04 10:38:07', '2019-04-04 10:38:07', NULL, NULL, NULL);
INSERT INTO `sys_menu` VALUES (166135362647752704, 165436136594866176, '菜单管理', NULL, 'views/sys/sys_menu.html', 2, 'sysMenu:list', 1, 3, '2019-04-04 10:42:37', '2019-04-04 10:42:37', NULL, NULL, NULL);
INSERT INTO `sys_menu` VALUES (166135446684827648, 166135362647752704, '修改', NULL, NULL, 3, 'sysMenu:edit', 1, 1, '2019-04-04 10:42:57', '2019-04-04 10:42:57', NULL, NULL, NULL);
INSERT INTO `sys_menu` VALUES (166160926762864640, 166135362647752704, '查询', NULL, NULL, 3, 'sysMenu:info', 1, 2, '2019-04-04 12:24:12', '2019-04-04 12:24:12', NULL, NULL, NULL);
INSERT INTO `sys_menu` VALUES (185813410032648192, 165436136594866176, '用户管理', '点击选择', 'views/sys/sys_user.html', 2, 'sysUser:list', 1, 5, '2019-05-28 17:56:09', '2019-05-28 17:56:09', NULL, NULL, NULL);
INSERT INTO `sys_menu` VALUES (1210851011476983808, 166134229267120128, '查询', '点击选择', NULL, 3, 'sysRole:info', 1, 1, NULL, NULL, NULL, NULL, NULL);
INSERT INTO `sys_menu` VALUES (1210851057383641088, 166134229267120128, '修改', '点击选择', NULL, 3, 'sysRole:edit', 1, 1, NULL, NULL, NULL, NULL, NULL);
INSERT INTO `sys_menu` VALUES (1210851125545275392, 185813410032648192, '查询', '点击选择', NULL, 3, 'sysUser:info', 1, 1, NULL, NULL, NULL, NULL, NULL);
INSERT INTO `sys_menu` VALUES (1210851169786793984, 185813410032648192, '修改', '点击选择', NULL, 3, 'sysUser:edit', 1, 1, NULL, NULL, NULL, NULL, NULL);
INSERT INTO `sys_menu` VALUES (1210854461879226368, 185813410032648192, '删除', '点击选择', NULL, 3, 'sysUser:del', 1, 1, NULL, NULL, NULL, NULL, NULL);
INSERT INTO `sys_menu` VALUES (1210854651616956416, 166135362647752704, '删除', '点击选择', NULL, 3, 'sysMenu:delete', 1, 1, NULL, NULL, NULL, NULL, NULL);
INSERT INTO `sys_menu` VALUES (1210854738560684032, 166134229267120128, '删除', '点击选择', NULL, 3, 'sysRole:delete', 1, 1, NULL, NULL, NULL, NULL, NULL);
INSERT INTO `sys_menu` VALUES (1355750595780284416, 165390286267088896, '人身管理', '点击选择', NULL, 1, NULL, 1, 1, NULL, NULL, NULL, NULL, NULL);
INSERT INTO `sys_menu` VALUES (1355750725774348288, 165390286267088896, '食物管理', '点击选择', NULL, 1, NULL, 1, 1, NULL, NULL, NULL, NULL, NULL);
INSERT INTO `sys_menu` VALUES (1355750759731433472, 165390286267088896, '运动管理', '点击选择', NULL, 1, NULL, 1, 1, NULL, NULL, NULL, NULL, NULL);
INSERT INTO `sys_menu` VALUES (1355751157645053952, 1355750595780284416, '人员管理', '点击选择', 'views/body/body_manage.html', 2, 'bodyManage:list', 1, 1, NULL, NULL, NULL, NULL, NULL);
INSERT INTO `sys_menu` VALUES (1355751668670664704, 1355750595780284416, '身体记录', '点击选择', 'views/body/body_change_log.html', 2, 'bodyChangeLog:list', 1, 2, NULL, NULL, NULL, NULL, NULL);
INSERT INTO `sys_menu` VALUES (1355759126310948864, 1355751157645053952, '修改', '点击选择', NULL, 3, 'bodyManage:edit', 1, 1, NULL, NULL, NULL, NULL, NULL);
INSERT INTO `sys_menu` VALUES (1355759214462636032, 1355751157645053952, '删除', '点击选择', NULL, 3, 'bodyManage:delete', 1, 1, NULL, NULL, NULL, NULL, NULL);
INSERT INTO `sys_menu` VALUES (1355759267382169600, 1355751157645053952, '查询', '点击选择', NULL, 3, 'bodyManage:info', 1, 1, NULL, NULL, NULL, NULL, NULL);
INSERT INTO `sys_menu` VALUES (1356244965063266304, 1355750725774348288, '食物管理', '点击选择', 'views/food/food_manage.html', 2, 'foodManage:list', 1, 1, NULL, NULL, NULL, NULL, NULL);
INSERT INTO `sys_menu` VALUES (1356245133661704192, 1355750725774348288, '饮食记录', '点击选择', 'views/food/food_day_log.html', 2, 'foodDayLog:list', 1, 1, NULL, NULL, NULL, NULL, NULL);
INSERT INTO `sys_menu` VALUES (1356245257825685504, 1355751668670664704, '修改', '点击选择', NULL, 3, 'bodyChangeLog:edit', 1, 1, NULL, NULL, NULL, NULL, NULL);
INSERT INTO `sys_menu` VALUES (1356245320371146752, 1355751668670664704, '删除', '点击选择', NULL, 3, 'bodyChangeLog:delete', 1, 1, NULL, NULL, NULL, NULL, NULL);
INSERT INTO `sys_menu` VALUES (1356245371755565056, 1355751668670664704, '查询', '点击选择', NULL, 3, 'bodyChangeLog:info', 1, 1, NULL, NULL, NULL, NULL, NULL);
INSERT INTO `sys_menu` VALUES (1356245463107506176, 1356244965063266304, '修改', '点击选择', NULL, 3, 'foodManage:edit', 1, 1, NULL, NULL, NULL, NULL, NULL);
INSERT INTO `sys_menu` VALUES (1356245518912720896, 1356244965063266304, '删除', '点击选择', NULL, 3, 'foodManage:delete', 1, 1, NULL, NULL, NULL, NULL, NULL);
INSERT INTO `sys_menu` VALUES (1356245563292651520, 1356244965063266304, '查询', '点击选择', NULL, 3, 'foodManage:info', 1, 1, NULL, NULL, NULL, NULL, NULL);
INSERT INTO `sys_menu` VALUES (1356245637561192448, 1356245133661704192, '修改', '点击选择', NULL, 3, 'foodDayLog:edit', 1, 1, NULL, NULL, NULL, NULL, NULL);
INSERT INTO `sys_menu` VALUES (1356245687087534080, 1356245133661704192, '删除', '点击选择', NULL, 3, 'foodDayLog:delete', 1, 1, NULL, NULL, NULL, NULL, NULL);
INSERT INTO `sys_menu` VALUES (1356245738513895424, 1356245133661704192, '查询', '点击选择', NULL, 3, 'foodDayLog:info', 1, 1, NULL, NULL, NULL, NULL, NULL);
INSERT INTO `sys_menu` VALUES (1356245950301081600, 1355750759731433472, '运动记录', '点击选择', 'views/sport/sport_day_log.html', 2, 'sportDayLog:info', 1, 1, NULL, NULL, NULL, NULL, NULL);
INSERT INTO `sys_menu` VALUES (1356246002075570176, 1356245950301081600, '修改', '点击选择', NULL, 3, 'sportDayLog:edit', 1, 1, NULL, NULL, NULL, NULL, NULL);
INSERT INTO `sys_menu` VALUES (1356246049618006016, 1356245950301081600, '删除', '点击选择', NULL, 3, 'sportDayLog:delete', 1, 1, NULL, NULL, NULL, NULL, NULL);
INSERT INTO `sys_menu` VALUES (1356246100536856576, 1356245950301081600, '查询', '点击选择', NULL, 3, 'sportDayLog:info', 1, 1, NULL, NULL, NULL, NULL, NULL);

-- ----------------------------
-- Table structure for sys_role
-- ----------------------------
DROP TABLE IF EXISTS `sys_role`;
CREATE TABLE `sys_role`  (
  `id` bigint(0) NOT NULL,
  `role_cn_name` varchar(255) CHARACTER SET utf8mb4 COLLATE utf8mb4_bin NULL DEFAULT NULL,
  `role_name` varchar(255) CHARACTER SET utf8mb4 COLLATE utf8mb4_bin NULL DEFAULT NULL,
  `status` tinyint(0) NULL DEFAULT NULL,
  `edit_time` datetime(0) NULL DEFAULT NULL COMMENT '修改时间',
  `create_time` datetime(0) NULL DEFAULT NULL COMMENT '创建时间',
  `creator` varchar(255) CHARACTER SET utf8 COLLATE utf8_general_ci NULL DEFAULT NULL COMMENT '创建人',
  `editor` varchar(255) CHARACTER SET utf8 COLLATE utf8_general_ci NULL DEFAULT NULL COMMENT '修改人',
  `version` int(0) NULL DEFAULT NULL COMMENT '版本',
  PRIMARY KEY (`id`) USING BTREE,
  UNIQUE INDEX `idx_role_name`(`role_name`) USING BTREE
) ENGINE = InnoDB CHARACTER SET = utf8mb4 COLLATE = utf8mb4_bin ROW_FORMAT = Dynamic;

-- ----------------------------
-- Records of sys_role
-- ----------------------------
INSERT INTO `sys_role` VALUES (165390286267088896, '超级管理员', 'Super', 1, '2019-11-29 14:12:04', '2019-04-02 09:21:57', NULL, NULL, NULL);
INSERT INTO `sys_role` VALUES (166132763487895552, '普通管理员', 'Common', 1, '2019-10-22 14:10:29', '2019-04-04 10:32:17', NULL, NULL, NULL);

-- ----------------------------
-- Table structure for sys_role_menu
-- ----------------------------
DROP TABLE IF EXISTS `sys_role_menu`;
CREATE TABLE `sys_role_menu`  (
  `id` bigint(0) NOT NULL,
  `role_id` bigint(0) NULL DEFAULT NULL,
  `menu_id` bigint(0) NULL DEFAULT NULL,
  PRIMARY KEY (`id`) USING BTREE
) ENGINE = InnoDB CHARACTER SET = utf8mb4 COLLATE = utf8mb4_bin ROW_FORMAT = Dynamic;

-- ----------------------------
-- Records of sys_role_menu
-- ----------------------------
INSERT INTO `sys_role_menu` VALUES (1356246266241224704, 165390286267088896, 165390286267088896);
INSERT INTO `sys_role_menu` VALUES (1356246266253807616, 165390286267088896, 165436136594866176);
INSERT INTO `sys_role_menu` VALUES (1356246266262196224, 165390286267088896, 166134229267120128);
INSERT INTO `sys_role_menu` VALUES (1356246266262196225, 165390286267088896, 1210851011476983808);
INSERT INTO `sys_role_menu` VALUES (1356246266266390528, 165390286267088896, 1210851057383641088);
INSERT INTO `sys_role_menu` VALUES (1356246266270584832, 165390286267088896, 1210854738560684032);
INSERT INTO `sys_role_menu` VALUES (1356246266274779136, 165390286267088896, 166135362647752704);
INSERT INTO `sys_role_menu` VALUES (1356246266274779137, 165390286267088896, 166135446684827648);
INSERT INTO `sys_role_menu` VALUES (1356246266278973440, 165390286267088896, 1210854651616956416);
INSERT INTO `sys_role_menu` VALUES (1356246266287362048, 165390286267088896, 166160926762864640);
INSERT INTO `sys_role_menu` VALUES (1356246266291556352, 165390286267088896, 185813410032648192);
INSERT INTO `sys_role_menu` VALUES (1356246266295750656, 165390286267088896, 1210851125545275392);
INSERT INTO `sys_role_menu` VALUES (1356246266295750657, 165390286267088896, 1210851169786793984);
INSERT INTO `sys_role_menu` VALUES (1356246266299944960, 165390286267088896, 1210854461879226368);
INSERT INTO `sys_role_menu` VALUES (1356246266299944961, 165390286267088896, 1355750595780284416);
INSERT INTO `sys_role_menu` VALUES (1356246266304139264, 165390286267088896, 1355751157645053952);
INSERT INTO `sys_role_menu` VALUES (1356246266308333568, 165390286267088896, 1355759126310948864);
INSERT INTO `sys_role_menu` VALUES (1356246266308333569, 165390286267088896, 1355759214462636032);
INSERT INTO `sys_role_menu` VALUES (1356246266308333570, 165390286267088896, 1355759267382169600);
INSERT INTO `sys_role_menu` VALUES (1356246266312527872, 165390286267088896, 1355751668670664704);
INSERT INTO `sys_role_menu` VALUES (1356246266316722176, 165390286267088896, 1356245257825685504);
INSERT INTO `sys_role_menu` VALUES (1356246266316722177, 165390286267088896, 1356245320371146752);
INSERT INTO `sys_role_menu` VALUES (1356246266320916480, 165390286267088896, 1356245371755565056);
INSERT INTO `sys_role_menu` VALUES (1356246266325110784, 165390286267088896, 1355750725774348288);
INSERT INTO `sys_role_menu` VALUES (1356246266325110785, 165390286267088896, 1356244965063266304);
INSERT INTO `sys_role_menu` VALUES (1356246266325110786, 165390286267088896, 1356245463107506176);
INSERT INTO `sys_role_menu` VALUES (1356246266329305088, 165390286267088896, 1356245518912720896);
INSERT INTO `sys_role_menu` VALUES (1356246266333499392, 165390286267088896, 1356245563292651520);
INSERT INTO `sys_role_menu` VALUES (1356246266333499393, 165390286267088896, 1356245133661704192);
INSERT INTO `sys_role_menu` VALUES (1356246266333499394, 165390286267088896, 1356245738513895424);
INSERT INTO `sys_role_menu` VALUES (1356246266337693696, 165390286267088896, 1356245637561192448);
INSERT INTO `sys_role_menu` VALUES (1356246266341888000, 165390286267088896, 1356245687087534080);
INSERT INTO `sys_role_menu` VALUES (1356246266341888001, 165390286267088896, 1355750759731433472);
INSERT INTO `sys_role_menu` VALUES (1356246266341888002, 165390286267088896, 1356245950301081600);
INSERT INTO `sys_role_menu` VALUES (1356246266341888003, 165390286267088896, 1356246002075570176);
INSERT INTO `sys_role_menu` VALUES (1356246266346082304, 165390286267088896, 1356246049618006016);
INSERT INTO `sys_role_menu` VALUES (1356246266346082305, 165390286267088896, 1356246100536856576);
INSERT INTO `sys_role_menu` VALUES (1362429813100515328, 166132763487895552, 165390286267088896);
INSERT INTO `sys_role_menu` VALUES (1362429813134069760, 166132763487895552, 1355750595780284416);
INSERT INTO `sys_role_menu` VALUES (1362429813138264064, 166132763487895552, 1355751157645053952);
INSERT INTO `sys_role_menu` VALUES (1362429813142458368, 166132763487895552, 1355759126310948864);
INSERT INTO `sys_role_menu` VALUES (1362429813142458369, 166132763487895552, 1355759214462636032);
INSERT INTO `sys_role_menu` VALUES (1362429813150846976, 166132763487895552, 1355759267382169600);
INSERT INTO `sys_role_menu` VALUES (1362429813159235584, 166132763487895552, 1355751668670664704);
INSERT INTO `sys_role_menu` VALUES (1362429813167624192, 166132763487895552, 1356245257825685504);
INSERT INTO `sys_role_menu` VALUES (1362429813167624193, 166132763487895552, 1356245320371146752);
INSERT INTO `sys_role_menu` VALUES (1362429813171818496, 166132763487895552, 1356245371755565056);
INSERT INTO `sys_role_menu` VALUES (1362429813171818497, 166132763487895552, 1355750725774348288);
INSERT INTO `sys_role_menu` VALUES (1362429813176012800, 166132763487895552, 1356244965063266304);
INSERT INTO `sys_role_menu` VALUES (1362429813180207104, 166132763487895552, 1356245463107506176);
INSERT INTO `sys_role_menu` VALUES (1362429813180207105, 166132763487895552, 1356245518912720896);
INSERT INTO `sys_role_menu` VALUES (1362429813184401408, 166132763487895552, 1356245563292651520);
INSERT INTO `sys_role_menu` VALUES (1362429813184401409, 166132763487895552, 1356245133661704192);
INSERT INTO `sys_role_menu` VALUES (1362429813192790016, 166132763487895552, 1356245738513895424);
INSERT INTO `sys_role_menu` VALUES (1362429813196984320, 166132763487895552, 1356245637561192448);
INSERT INTO `sys_role_menu` VALUES (1362429813196984321, 166132763487895552, 1356245687087534080);
INSERT INTO `sys_role_menu` VALUES (1362429813201178624, 166132763487895552, 1355750759731433472);
INSERT INTO `sys_role_menu` VALUES (1362429813205372928, 166132763487895552, 1356245950301081600);
INSERT INTO `sys_role_menu` VALUES (1362429813209567232, 166132763487895552, 1356246002075570176);
INSERT INTO `sys_role_menu` VALUES (1362429813209567233, 166132763487895552, 1356246049618006016);
INSERT INTO `sys_role_menu` VALUES (1362429813213761536, 166132763487895552, 1356246100536856576);

-- ----------------------------
-- Table structure for sys_user
-- ----------------------------
DROP TABLE IF EXISTS `sys_user`;
CREATE TABLE `sys_user`  (
  `id` bigint(0) NOT NULL DEFAULT -1,
  `account` varchar(255) CHARACTER SET utf8mb4 COLLATE utf8mb4_bin NULL DEFAULT NULL,
  `username` varchar(255) CHARACTER SET utf8mb4 COLLATE utf8mb4_bin NULL DEFAULT NULL,
  `password` varchar(255) CHARACTER SET utf8mb4 COLLATE utf8mb4_bin NULL DEFAULT NULL,
  `mobile` varchar(11) CHARACTER SET utf8mb4 COLLATE utf8mb4_bin NULL DEFAULT NULL COMMENT '手机号',
  `email` varchar(255) CHARACTER SET utf8mb4 COLLATE utf8mb4_bin NULL DEFAULT NULL COMMENT 'email',
  `status` tinyint(0) NULL DEFAULT NULL COMMENT '0锁定1正常',
  `create_time` datetime(0) NULL DEFAULT NULL,
  `edit_time` datetime(0) NULL DEFAULT NULL,
  `group_id` bigint(0) NULL DEFAULT -1,
  `creator` varchar(255) CHARACTER SET utf8 COLLATE utf8_general_ci NULL DEFAULT NULL COMMENT '创建人',
  `editor` varchar(255) CHARACTER SET utf8 COLLATE utf8_general_ci NULL DEFAULT NULL COMMENT '修改人',
  `version` int(0) NULL DEFAULT NULL COMMENT '版本',
  PRIMARY KEY (`id`) USING BTREE,
  UNIQUE INDEX `idx_user_account`(`account`) USING BTREE
) ENGINE = InnoDB CHARACTER SET = utf8mb4 COLLATE = utf8mb4_bin ROW_FORMAT = Dynamic;

-- ----------------------------
-- Records of sys_user
-- ----------------------------
INSERT INTO `sys_user` VALUES (166132226201747456, 'admin', 'admin', 'e10adc3949ba59abbe56e057f20f883e', '18631112345', 'email@email.com', 1, '2019-04-04 10:30:09', '2019-11-18 15:13:42', 1, NULL, NULL, 0);
INSERT INTO `sys_user` VALUES (1214107863543320576, 'T001', '胡歌', 'e10adc3949ba59abbe56e057f20f883e', '13521286935', '879851@qq.com', 1, '2020-01-06 16:54:06', '2020-01-06 16:54:06', -1, NULL, NULL, 0);
INSERT INTO `sys_user` VALUES (1214109613943820288, 'S001', '蔡徐坤', 'e10adc3949ba59abbe56e057f20f883e', '15289657895', '8562@qq.com', 1, '2020-01-06 17:01:04', '2020-01-06 17:01:04', -1, NULL, NULL, 0);

-- ----------------------------
-- Table structure for sys_user_role
-- ----------------------------
DROP TABLE IF EXISTS `sys_user_role`;
CREATE TABLE `sys_user_role`  (
  `id` bigint(0) NOT NULL,
  `user_id` bigint(0) NULL DEFAULT NULL,
  `role_id` bigint(0) NULL DEFAULT NULL,
  PRIMARY KEY (`id`) USING BTREE
) ENGINE = InnoDB CHARACTER SET = utf8mb4 COLLATE = utf8mb4_bin ROW_FORMAT = Dynamic;

-- ----------------------------
-- Records of sys_user_role
-- ----------------------------
INSERT INTO `sys_user_role` VALUES (248828014618480640, 166132226201747456, 165390286267088896);
INSERT INTO `sys_user_role` VALUES (248828014673006592, 166132226201747456, 166132763487895552);
INSERT INTO `sys_user_role` VALUES (1214107863555903488, 1214107863543320576, 1212257719445229568);
INSERT INTO `sys_user_role` VALUES (1214109613948014592, 1214109613943820288, 1212257841121988608);

SET FOREIGN_KEY_CHECKS = 1;
